id,median_house_value
17001.0,300001 - 350000
17002.0,150001 - 200000
17003.0,250001 - 300000
17004.0,300001 - 350000
17005.0,50001 - 100000
17006.0,50001 - 100000
17007.0,50001 - 100000
17008.0,150001 - 200000
17009.0,150001 - 200000
17010.0,150001 - 200000
17011.0,100001 - 150000
17012.0,50001 - 100000
17013.0,250001 - 300000
17014.0,200001 - 250000
17015.0,200001 - 250000
17016.0,150001 - 200000
17017.0,150001 - 200000
17018.0,100001 - 150000
17019.0,250001 - 300000
17020.0,400001 - 450000
17021.0,100001 - 150000
17022.0,50001 - 100000
17023.0,200001 - 250000
17024.0,100001 - 150000
17025.0,150001 - 200000
17026.0,450001 - 500000
17027.0,200001 - 250000
17028.0,350001 - 400000
17029.0,300001 - 350000
17030.0,400001 - 450000
17031.0,100001 - 150000
17032.0,150001 - 200000
17033.0,100001 - 150000
17034.0,100001 - 150000
17035.0,150001 - 200000
17036.0,150001 - 200000
17037.0,250001 - 300000
17038.0,150001 - 200000
17039.0,100001 - 150000
17040.0,200001 - 250000
17041.0,50001 - 100000
17042.0,250001 - 300000
17043.0,450001 - 500000
17044.0,50001 - 100000
17045.0,200001 - 250000
17046.0,200001 - 250000
17047.0,200001 - 250000
17048.0,100001 - 150000
17049.0,100001 - 150000
17050.0,150001 - 200000
17051.0,150001 - 200000
17052.0,14999 - 50000
17053.0,150001 - 200000
17054.0,150001 - 200000
17055.0,150001 - 200000
17056.0,150001 - 200000
17057.0,50001 - 100000
17058.0,150001 - 200000
17059.0,250001 - 300000
17060.0,150001 - 200000
17061.0,250001 - 300000
17062.0,200001 - 250000
17063.0,250001 - 300000
17064.0,50001 - 100000
17065.0,250001 - 300000
17066.0,250001 - 300000
17067.0,100001 - 150000
17068.0,200001 - 250000
17069.0,100001 - 150000
17070.0,150001 - 200000
17071.0,250001 - 300000
17072.0,100001 - 150000
17073.0,200001 - 250000
17074.0,300001 - 350000
17075.0,150001 - 200000
17076.0,150001 - 200000
17077.0,150001 - 200000
17078.0,200001 - 250000
17079.0,300001 - 350000
17080.0,400001 - 450000
17081.0,100001 - 150000
17082.0,200001 - 250000
17083.0,150001 - 200000
17084.0,100001 - 150000
17085.0,200001 - 250000
17086.0,100001 - 150000
17087.0,50001 - 100000
17088.0,150001 - 200000
17089.0,50001 - 100000
17090.0,200001 - 250000
17091.0,100001 - 150000
17092.0,200001 - 250000
17093.0,200001 - 250000
17094.0,200001 - 250000
17095.0,250001 - 300000
17096.0,50001 - 100000
17097.0,50001 - 100000
17098.0,100001 - 150000
17099.0,200001 - 250000
17100.0,150001 - 200000
17101.0,100001 - 150000
17102.0,100001 - 150000
17103.0,200001 - 250000
17104.0,250001 - 300000
17105.0,100001 - 150000
17106.0,50001 - 100000
17107.0,150001 - 200000
17108.0,250001 - 300000
17109.0,150001 - 200000
17110.0,300001 - 350000
17111.0,350001 - 400000
17112.0,50001 - 100000
17113.0,350001 - 400000
17114.0,250001 - 300000
17115.0,100001 - 150000
17116.0,300001 - 350000
17117.0,150001 - 200000
17118.0,450001 - 500000
17119.0,450001 - 500000
17120.0,250001 - 300000
17121.0,200001 - 250000
17122.0,100001 - 150000
17123.0,100001 - 150000
17124.0,200001 - 250000
17125.0,450001 - 500000
17126.0,100001 - 150000
17127.0,50001 - 100000
17128.0,300001 - 350000
17129.0,450001 - 500000
17130.0,150001 - 200000
17131.0,150001 - 200000
17132.0,150001 - 200000
17133.0,200001 - 250000
17134.0,50001 - 100000
17135.0,50001 - 100000
17136.0,450001 - 500000
17137.0,100001 - 150000
17138.0,150001 - 200000
17139.0,150001 - 200000
17140.0,400001 - 450000
17141.0,100001 - 150000
17142.0,100001 - 150000
17143.0,150001 - 200000
17144.0,50001 - 100000
17145.0,50001 - 100000
17146.0,100001 - 150000
17147.0,100001 - 150000
17148.0,50001 - 100000
17149.0,150001 - 200000
17150.0,50001 - 100000
17151.0,150001 - 200000
17152.0,250001 - 300000
17153.0,350001 - 400000
17154.0,150001 - 200000
17155.0,200001 - 250000
17156.0,150001 - 200000
17157.0,100001 - 150000
17158.0,250001 - 300000
17159.0,50001 - 100000
17160.0,300001 - 350000
17161.0,150001 - 200000
17162.0,450001 - 500000
17163.0,100001 - 150000
17164.0,50001 - 100000
17165.0,100001 - 150000
17166.0,200001 - 250000
17167.0,250001 - 300000
17168.0,100001 - 150000
17169.0,50001 - 100000
17170.0,100001 - 150000
17171.0,50001 - 100000
17172.0,150001 - 200000
17173.0,50001 - 100000
17174.0,50001 - 100000
17175.0,50001 - 100000
17176.0,150001 - 200000
17177.0,100001 - 150000
17178.0,250001 - 300000
17179.0,50001 - 100000
17180.0,150001 - 200000
17181.0,150001 - 200000
17182.0,150001 - 200000
17183.0,400001 - 450000
17184.0,200001 - 250000
17185.0,100001 - 150000
17186.0,450001 - 500000
17187.0,250001 - 300000
17188.0,100001 - 150000
17189.0,150001 - 200000
17190.0,200001 - 250000
17191.0,150001 - 200000
17192.0,150001 - 200000
17193.0,100001 - 150000
17194.0,150001 - 200000
17195.0,100001 - 150000
17196.0,100001 - 150000
17197.0,150001 - 200000
17198.0,150001 - 200000
17199.0,100001 - 150000
17200.0,100001 - 150000
17201.0,50001 - 100000
17202.0,50001 - 100000
17203.0,100001 - 150000
17204.0,200001 - 250000
17205.0,200001 - 250000
17206.0,50001 - 100000
17207.0,150001 - 200000
17208.0,150001 - 200000
17209.0,150001 - 200000
17210.0,100001 - 150000
17211.0,150001 - 200000
17212.0,250001 - 300000
17213.0,250001 - 300000
17214.0,14999 - 50000
17215.0,100001 - 150000
17216.0,400001 - 450000
17217.0,200001 - 250000
17218.0,50001 - 100000
17219.0,300001 - 350000
17220.0,450001 - 500000
17221.0,200001 - 250000
17222.0,50001 - 100000
17223.0,100001 - 150000
17224.0,300001 - 350000
17225.0,50001 - 100000
17226.0,200001 - 250000
17227.0,150001 - 200000
17228.0,150001 - 200000
17229.0,100001 - 150000
17230.0,250001 - 300000
17231.0,150001 - 200000
17232.0,200001 - 250000
17233.0,400001 - 450000
17234.0,150001 - 200000
17235.0,300001 - 350000
17236.0,50001 - 100000
17237.0,300001 - 350000
17238.0,200001 - 250000
17239.0,200001 - 250000
17240.0,150001 - 200000
17241.0,50001 - 100000
17242.0,250001 - 300000
17243.0,50001 - 100000
17244.0,50001 - 100000
17245.0,50001 - 100000
17246.0,300001 - 350000
17247.0,200001 - 250000
17248.0,100001 - 150000
17249.0,300001 - 350000
17250.0,100001 - 150000
17251.0,200001 - 250000
17252.0,200001 - 250000
17253.0,100001 - 150000
17254.0,50001 - 100000
17255.0,150001 - 200000
17256.0,350001 - 400000
17257.0,100001 - 150000
17258.0,300001 - 350000
17259.0,50001 - 100000
17260.0,400001 - 450000
17261.0,100001 - 150000
17262.0,100001 - 150000
17263.0,250001 - 300000
17264.0,400001 - 450000
17265.0,100001 - 150000
17266.0,100001 - 150000
17267.0,50001 - 100000
17268.0,50001 - 100000
17269.0,150001 - 200000
17270.0,14999 - 50000
17271.0,150001 - 200000
17272.0,250001 - 300000
17273.0,50001 - 100000
17274.0,200001 - 250000
17275.0,100001 - 150000
17276.0,150001 - 200000
17277.0,200001 - 250000
17278.0,50001 - 100000
17279.0,100001 - 150000
17280.0,150001 - 200000
17281.0,450001 - 500000
17282.0,200001 - 250000
17283.0,200001 - 250000
17284.0,450001 - 500000
17285.0,50001 - 100000
17286.0,100001 - 150000
17287.0,200001 - 250000
17288.0,150001 - 200000
17289.0,150001 - 200000
17290.0,50001 - 100000
17291.0,450001 - 500000
17292.0,150001 - 200000
17293.0,200001 - 250000
17294.0,150001 - 200000
17295.0,50001 - 100000
17296.0,200001 - 250000
17297.0,300001 - 350000
17298.0,100001 - 150000
17299.0,250001 - 300000
17300.0,150001 - 200000
17301.0,150001 - 200000
17302.0,50001 - 100000
17303.0,100001 - 150000
17304.0,150001 - 200000
17305.0,50001 - 100000
17306.0,150001 - 200000
17307.0,200001 - 250000
17308.0,300001 - 350000
17309.0,450001 - 500000
17310.0,250001 - 300000
17311.0,150001 - 200000
17312.0,200001 - 250000
17313.0,100001 - 150000
17314.0,150001 - 200000
17315.0,100001 - 150000
17316.0,250001 - 300000
17317.0,50001 - 100000
17318.0,300001 - 350000
17319.0,150001 - 200000
17320.0,250001 - 300000
17321.0,450001 - 500000
17322.0,200001 - 250000
17323.0,200001 - 250000
17324.0,300001 - 350000
17325.0,250001 - 300000
17326.0,150001 - 200000
17327.0,250001 - 300000
17328.0,150001 - 200000
17329.0,250001 - 300000
17330.0,150001 - 200000
17331.0,100001 - 150000
17332.0,50001 - 100000
17333.0,400001 - 450000
17334.0,50001 - 100000
17335.0,150001 - 200000
17336.0,50001 - 100000
17337.0,150001 - 200000
17338.0,450001 - 500000
17339.0,200001 - 250000
17340.0,100001 - 150000
17341.0,100001 - 150000
17342.0,100001 - 150000
17343.0,100001 - 150000
17344.0,50001 - 100000
17345.0,250001 - 300000
17346.0,150001 - 200000
17347.0,150001 - 200000
17348.0,50001 - 100000
17349.0,200001 - 250000
17350.0,200001 - 250000
17351.0,300001 - 350000
17352.0,250001 - 300000
17353.0,150001 - 200000
17354.0,50001 - 100000
17355.0,200001 - 250000
17356.0,450001 - 500000
17357.0,100001 - 150000
17358.0,200001 - 250000
17359.0,50001 - 100000
17360.0,150001 - 200000
17361.0,100001 - 150000
17362.0,450001 - 500000
17363.0,100001 - 150000
17364.0,150001 - 200000
17365.0,200001 - 250000
17366.0,150001 - 200000
17367.0,50001 - 100000
17368.0,250001 - 300000
17369.0,50001 - 100000
17370.0,100001 - 150000
17371.0,50001 - 100000
17372.0,150001 - 200000
17373.0,250001 - 300000
17374.0,250001 - 300000
17375.0,250001 - 300000
17376.0,100001 - 150000
17377.0,100001 - 150000
17378.0,200001 - 250000
17379.0,150001 - 200000
17380.0,150001 - 200000
17381.0,100001 - 150000
17382.0,300001 - 350000
17383.0,450001 - 500000
17384.0,100001 - 150000
17385.0,250001 - 300000
17386.0,150001 - 200000
17387.0,100001 - 150000
17388.0,50001 - 100000
17389.0,200001 - 250000
17390.0,450001 - 500000
17391.0,50001 - 100000
17392.0,150001 - 200000
17393.0,300001 - 350000
17394.0,150001 - 200000
17395.0,200001 - 250000
17396.0,100001 - 150000
17397.0,350001 - 400000
17398.0,350001 - 400000
17399.0,50001 - 100000
17400.0,350001 - 400000
17401.0,200001 - 250000
17402.0,300001 - 350000
17403.0,200001 - 250000
17404.0,50001 - 100000
17405.0,250001 - 300000
17406.0,150001 - 200000
17407.0,300001 - 350000
17408.0,50001 - 100000
17409.0,150001 - 200000
17410.0,250001 - 300000
17411.0,100001 - 150000
17412.0,250001 - 300000
17413.0,150001 - 200000
17414.0,200001 - 250000
17415.0,150001 - 200000
17416.0,200001 - 250000
17417.0,100001 - 150000
17418.0,150001 - 200000
17419.0,150001 - 200000
17420.0,150001 - 200000
17421.0,100001 - 150000
17422.0,100001 - 150000
17423.0,150001 - 200000
17424.0,250001 - 300000
17425.0,100001 - 150000
17426.0,250001 - 300000
17427.0,150001 - 200000
17428.0,350001 - 400000
17429.0,200001 - 250000
17430.0,100001 - 150000
17431.0,100001 - 150000
17432.0,50001 - 100000
17433.0,100001 - 150000
17434.0,200001 - 250000
17435.0,300001 - 350000
17436.0,50001 - 100000
17437.0,150001 - 200000
17438.0,50001 - 100000
17439.0,50001 - 100000
17440.0,250001 - 300000
17441.0,250001 - 300000
17442.0,250001 - 300000
17443.0,250001 - 300000
17444.0,100001 - 150000
17445.0,200001 - 250000
17446.0,450001 - 500000
17447.0,100001 - 150000
17448.0,200001 - 250000
17449.0,150001 - 200000
17450.0,300001 - 350000
17451.0,350001 - 400000
17452.0,400001 - 450000
17453.0,100001 - 150000
17454.0,250001 - 300000
17455.0,450001 - 500000
17456.0,100001 - 150000
17457.0,100001 - 150000
17458.0,250001 - 300000
17459.0,50001 - 100000
17460.0,300001 - 350000
17461.0,150001 - 200000
17462.0,300001 - 350000
17463.0,450001 - 500000
17464.0,150001 - 200000
17465.0,50001 - 100000
17466.0,350001 - 400000
17467.0,250001 - 300000
17468.0,50001 - 100000
17469.0,250001 - 300000
17470.0,100001 - 150000
17471.0,100001 - 150000
17472.0,250001 - 300000
17473.0,50001 - 100000
17474.0,100001 - 150000
17475.0,450001 - 500000
17476.0,100001 - 150000
17477.0,100001 - 150000
17478.0,100001 - 150000
17479.0,150001 - 200000
17480.0,14999 - 50000
17481.0,100001 - 150000
17482.0,450001 - 500000
17483.0,50001 - 100000
17484.0,50001 - 100000
17485.0,200001 - 250000
17486.0,200001 - 250000
17487.0,350001 - 400000
17488.0,150001 - 200000
17489.0,50001 - 100000
17490.0,200001 - 250000
17491.0,150001 - 200000
17492.0,150001 - 200000
17493.0,300001 - 350000
17494.0,200001 - 250000
17495.0,150001 - 200000
17496.0,50001 - 100000
17497.0,100001 - 150000
17498.0,100001 - 150000
17499.0,350001 - 400000
17500.0,200001 - 250000
17501.0,450001 - 500000
17502.0,50001 - 100000
17503.0,450001 - 500000
17504.0,100001 - 150000
17505.0,100001 - 150000
17506.0,100001 - 150000
17507.0,450001 - 500000
17508.0,50001 - 100000
17509.0,100001 - 150000
17510.0,350001 - 400000
17511.0,150001 - 200000
17512.0,150001 - 200000
17513.0,150001 - 200000
17514.0,150001 - 200000
17515.0,400001 - 450000
17516.0,200001 - 250000
17517.0,100001 - 150000
17518.0,150001 - 200000
17519.0,50001 - 100000
17520.0,50001 - 100000
17521.0,150001 - 200000
17522.0,100001 - 150000
17523.0,100001 - 150000
17524.0,250001 - 300000
17525.0,150001 - 200000
17526.0,100001 - 150000
17527.0,450001 - 500000
17528.0,250001 - 300000
17529.0,150001 - 200000
17530.0,100001 - 150000
17531.0,300001 - 350000
17532.0,450001 - 500000
17533.0,150001 - 200000
17534.0,50001 - 100000
17535.0,50001 - 100000
17536.0,150001 - 200000
17537.0,50001 - 100000
17538.0,200001 - 250000
17539.0,300001 - 350000
17540.0,300001 - 350000
17541.0,200001 - 250000
17542.0,400001 - 450000
17543.0,200001 - 250000
17544.0,100001 - 150000
17545.0,50001 - 100000
17546.0,300001 - 350000
17547.0,50001 - 100000
17548.0,150001 - 200000
17549.0,100001 - 150000
17550.0,250001 - 300000
17551.0,300001 - 350000
17552.0,250001 - 300000
17553.0,200001 - 250000
17554.0,350001 - 400000
17555.0,250001 - 300000
17556.0,450001 - 500000
17557.0,50001 - 100000
17558.0,150001 - 200000
17559.0,14999 - 50000
17560.0,200001 - 250000
17561.0,200001 - 250000
17562.0,50001 - 100000
17563.0,300001 - 350000
17564.0,50001 - 100000
17565.0,300001 - 350000
17566.0,150001 - 200000
17567.0,150001 - 200000
17568.0,150001 - 200000
17569.0,250001 - 300000
17570.0,100001 - 150000
17571.0,250001 - 300000
17572.0,250001 - 300000
17573.0,50001 - 100000
17574.0,100001 - 150000
17575.0,150001 - 200000
17576.0,100001 - 150000
17577.0,150001 - 200000
17578.0,200001 - 250000
17579.0,200001 - 250000
17580.0,50001 - 100000
17581.0,150001 - 200000
17582.0,450001 - 500000
17583.0,150001 - 200000
17584.0,200001 - 250000
17585.0,250001 - 300000
17586.0,50001 - 100000
17587.0,150001 - 200000
17588.0,50001 - 100000
17589.0,100001 - 150000
17590.0,350001 - 400000
17591.0,150001 - 200000
17592.0,150001 - 200000
17593.0,400001 - 450000
17594.0,150001 - 200000
17595.0,100001 - 150000
17596.0,50001 - 100000
17597.0,150001 - 200000
17598.0,250001 - 300000
17599.0,150001 - 200000
17600.0,100001 - 150000
17601.0,50001 - 100000
17602.0,150001 - 200000
17603.0,150001 - 200000
17604.0,400001 - 450000
17605.0,150001 - 200000
17606.0,200001 - 250000
17607.0,50001 - 100000
17608.0,50001 - 100000
17609.0,50001 - 100000
17610.0,100001 - 150000
17611.0,100001 - 150000
17612.0,150001 - 200000
17613.0,100001 - 150000
17614.0,50001 - 100000
17615.0,150001 - 200000
17616.0,50001 - 100000
17617.0,50001 - 100000
17618.0,150001 - 200000
17619.0,50001 - 100000
17620.0,250001 - 300000
17621.0,100001 - 150000
17622.0,250001 - 300000
17623.0,200001 - 250000
17624.0,250001 - 300000
17625.0,350001 - 400000
17626.0,300001 - 350000
17627.0,300001 - 350000
17628.0,100001 - 150000
17629.0,100001 - 150000
17630.0,100001 - 150000
17631.0,150001 - 200000
17632.0,100001 - 150000
17633.0,150001 - 200000
17634.0,300001 - 350000
17635.0,200001 - 250000
17636.0,400001 - 450000
17637.0,300001 - 350000
17638.0,150001 - 200000
17639.0,350001 - 400000
17640.0,300001 - 350000
17641.0,100001 - 150000
17642.0,150001 - 200000
17643.0,200001 - 250000
17644.0,200001 - 250000
17645.0,50001 - 100000
17646.0,350001 - 400000
17647.0,200001 - 250000
17648.0,100001 - 150000
17649.0,50001 - 100000
17650.0,150001 - 200000
17651.0,150001 - 200000
17652.0,50001 - 100000
17653.0,50001 - 100000
17654.0,100001 - 150000
17655.0,150001 - 200000
17656.0,50001 - 100000
17657.0,150001 - 200000
17658.0,200001 - 250000
17659.0,150001 - 200000
17660.0,100001 - 150000
17661.0,150001 - 200000
17662.0,200001 - 250000
17663.0,250001 - 300000
17664.0,100001 - 150000
17665.0,50001 - 100000
17666.0,150001 - 200000
17667.0,200001 - 250000
17668.0,200001 - 250000
17669.0,300001 - 350000
17670.0,250001 - 300000
17671.0,100001 - 150000
17672.0,50001 - 100000
17673.0,150001 - 200000
17674.0,350001 - 400000
17675.0,400001 - 450000
17676.0,250001 - 300000
17677.0,200001 - 250000
17678.0,400001 - 450000
17679.0,250001 - 300000
17680.0,50001 - 100000
17681.0,300001 - 350000
17682.0,100001 - 150000
17683.0,100001 - 150000
17684.0,100001 - 150000
17685.0,100001 - 150000
17686.0,200001 - 250000
17687.0,450001 - 500000
17688.0,50001 - 100000
17689.0,150001 - 200000
17690.0,150001 - 200000
17691.0,300001 - 350000
17692.0,150001 - 200000
17693.0,400001 - 450000
17694.0,150001 - 200000
17695.0,300001 - 350000
17696.0,300001 - 350000
17697.0,300001 - 350000
17698.0,150001 - 200000
17699.0,100001 - 150000
17700.0,300001 - 350000
17701.0,300001 - 350000
17702.0,150001 - 200000
17703.0,450001 - 500000
17704.0,300001 - 350000
17705.0,150001 - 200000
17706.0,50001 - 100000
17707.0,100001 - 150000
17708.0,150001 - 200000
17709.0,150001 - 200000
17710.0,200001 - 250000
17711.0,450001 - 500000
17712.0,50001 - 100000
17713.0,350001 - 400000
17714.0,100001 - 150000
17715.0,250001 - 300000
17716.0,100001 - 150000
17717.0,100001 - 150000
17718.0,150001 - 200000
17719.0,50001 - 100000
17720.0,400001 - 450000
17721.0,200001 - 250000
17722.0,50001 - 100000
17723.0,100001 - 150000
17724.0,200001 - 250000
17725.0,300001 - 350000
17726.0,200001 - 250000
17727.0,150001 - 200000
17728.0,100001 - 150000
17729.0,100001 - 150000
17730.0,50001 - 100000
17731.0,50001 - 100000
17732.0,200001 - 250000
17733.0,50001 - 100000
17734.0,150001 - 200000
17735.0,14999 - 50000
17736.0,150001 - 200000
17737.0,250001 - 300000
17738.0,100001 - 150000
17739.0,200001 - 250000
17740.0,50001 - 100000
17741.0,50001 - 100000
17742.0,450001 - 500000
17743.0,450001 - 500000
17744.0,300001 - 350000
17745.0,150001 - 200000
17746.0,150001 - 200000
17747.0,150001 - 200000
17748.0,450001 - 500000
17749.0,450001 - 500000
17750.0,50001 - 100000
17751.0,150001 - 200000
17752.0,100001 - 150000
17753.0,50001 - 100000
17754.0,200001 - 250000
17755.0,100001 - 150000
17756.0,200001 - 250000
17757.0,50001 - 100000
17758.0,200001 - 250000
17759.0,100001 - 150000
17760.0,100001 - 150000
17761.0,100001 - 150000
17762.0,100001 - 150000
17763.0,250001 - 300000
17764.0,250001 - 300000
17765.0,150001 - 200000
17766.0,50001 - 100000
17767.0,250001 - 300000
17768.0,50001 - 100000
17769.0,200001 - 250000
17770.0,14999 - 50000
17771.0,50001 - 100000
17772.0,250001 - 300000
17773.0,100001 - 150000
17774.0,50001 - 100000
17775.0,150001 - 200000
17776.0,50001 - 100000
17777.0,50001 - 100000
17778.0,200001 - 250000
17779.0,250001 - 300000
17780.0,50001 - 100000
17781.0,150001 - 200000
17782.0,450001 - 500000
17783.0,50001 - 100000
17784.0,100001 - 150000
17785.0,200001 - 250000
17786.0,14999 - 50000
17787.0,350001 - 400000
17788.0,150001 - 200000
17789.0,150001 - 200000
17790.0,100001 - 150000
17791.0,100001 - 150000
17792.0,250001 - 300000
17793.0,300001 - 350000
17794.0,150001 - 200000
17795.0,100001 - 150000
17796.0,300001 - 350000
17797.0,150001 - 200000
17798.0,200001 - 250000
17799.0,200001 - 250000
17800.0,450001 - 500000
17801.0,50001 - 100000
17802.0,50001 - 100000
17803.0,150001 - 200000
17804.0,150001 - 200000
17805.0,50001 - 100000
17806.0,150001 - 200000
17807.0,250001 - 300000
17808.0,250001 - 300000
17809.0,300001 - 350000
17810.0,200001 - 250000
17811.0,150001 - 200000
17812.0,250001 - 300000
17813.0,14999 - 50000
17814.0,50001 - 100000
17815.0,200001 - 250000
17816.0,250001 - 300000
17817.0,50001 - 100000
17818.0,450001 - 500000
17819.0,100001 - 150000
17820.0,250001 - 300000
17821.0,150001 - 200000
17822.0,300001 - 350000
17823.0,300001 - 350000
17824.0,250001 - 300000
17825.0,250001 - 300000
17826.0,100001 - 150000
17827.0,200001 - 250000
17828.0,250001 - 300000
17829.0,100001 - 150000
17830.0,150001 - 200000
17831.0,100001 - 150000
17832.0,250001 - 300000
17833.0,100001 - 150000
17834.0,100001 - 150000
17835.0,100001 - 150000
17836.0,300001 - 350000
17837.0,50001 - 100000
17838.0,150001 - 200000
17839.0,50001 - 100000
17840.0,200001 - 250000
17841.0,100001 - 150000
17842.0,150001 - 200000
17843.0,100001 - 150000
17844.0,150001 - 200000
17845.0,350001 - 400000
17846.0,50001 - 100000
17847.0,150001 - 200000
17848.0,50001 - 100000
17849.0,150001 - 200000
17850.0,100001 - 150000
17851.0,250001 - 300000
17852.0,350001 - 400000
17853.0,150001 - 200000
17854.0,350001 - 400000
17855.0,200001 - 250000
17856.0,150001 - 200000
17857.0,200001 - 250000
17858.0,150001 - 200000
17859.0,250001 - 300000
17860.0,200001 - 250000
17861.0,450001 - 500000
17862.0,100001 - 150000
17863.0,50001 - 100000
17864.0,450001 - 500000
17865.0,50001 - 100000
17866.0,50001 - 100000
17867.0,350001 - 400000
17868.0,100001 - 150000
17869.0,100001 - 150000
17870.0,50001 - 100000
17871.0,300001 - 350000
17872.0,200001 - 250000
17873.0,250001 - 300000
17874.0,450001 - 500000
17875.0,150001 - 200000
17876.0,250001 - 300000
17877.0,200001 - 250000
17878.0,350001 - 400000
17879.0,300001 - 350000
17880.0,450001 - 500000
17881.0,250001 - 300000
17882.0,150001 - 200000
17883.0,150001 - 200000
17884.0,100001 - 150000
17885.0,100001 - 150000
17886.0,300001 - 350000
17887.0,50001 - 100000
17888.0,150001 - 200000
17889.0,100001 - 150000
17890.0,450001 - 500000
17891.0,300001 - 350000
17892.0,100001 - 150000
17893.0,50001 - 100000
17894.0,100001 - 150000
17895.0,200001 - 250000
17896.0,350001 - 400000
17897.0,100001 - 150000
17898.0,200001 - 250000
17899.0,100001 - 150000
17900.0,350001 - 400000
17901.0,300001 - 350000
17902.0,150001 - 200000
17903.0,100001 - 150000
17904.0,50001 - 100000
17905.0,150001 - 200000
17906.0,100001 - 150000
17907.0,200001 - 250000
17908.0,350001 - 400000
17909.0,200001 - 250000
17910.0,14999 - 50000
17911.0,50001 - 100000
17912.0,50001 - 100000
17913.0,200001 - 250000
17914.0,100001 - 150000
17915.0,150001 - 200000
17916.0,200001 - 250000
17917.0,100001 - 150000
17918.0,300001 - 350000
17919.0,150001 - 200000
17920.0,150001 - 200000
17921.0,300001 - 350000
17922.0,100001 - 150000
17923.0,50001 - 100000
17924.0,200001 - 250000
17925.0,200001 - 250000
17926.0,50001 - 100000
17927.0,150001 - 200000
17928.0,100001 - 150000
17929.0,100001 - 150000
17930.0,200001 - 250000
17931.0,50001 - 100000
17932.0,150001 - 200000
17933.0,250001 - 300000
17934.0,200001 - 250000
17935.0,50001 - 100000
17936.0,300001 - 350000
17937.0,300001 - 350000
17938.0,50001 - 100000
17939.0,150001 - 200000
17940.0,450001 - 500000
17941.0,150001 - 200000
17942.0,400001 - 450000
17943.0,100001 - 150000
17944.0,50001 - 100000
17945.0,200001 - 250000
17946.0,50001 - 100000
17947.0,250001 - 300000
17948.0,100001 - 150000
17949.0,100001 - 150000
17950.0,150001 - 200000
17951.0,150001 - 200000
17952.0,200001 - 250000
17953.0,100001 - 150000
17954.0,150001 - 200000
17955.0,150001 - 200000
17956.0,100001 - 150000
17957.0,350001 - 400000
17958.0,50001 - 100000
17959.0,150001 - 200000
17960.0,200001 - 250000
17961.0,100001 - 150000
17962.0,50001 - 100000
17963.0,150001 - 200000
17964.0,150001 - 200000
17965.0,100001 - 150000
17966.0,150001 - 200000
17967.0,200001 - 250000
17968.0,100001 - 150000
17969.0,100001 - 150000
17970.0,250001 - 300000
17971.0,150001 - 200000
17972.0,50001 - 100000
17973.0,50001 - 100000
17974.0,150001 - 200000
17975.0,200001 - 250000
17976.0,150001 - 200000
17977.0,150001 - 200000
17978.0,100001 - 150000
17979.0,200001 - 250000
17980.0,200001 - 250000
17981.0,100001 - 150000
17982.0,100001 - 150000
17983.0,150001 - 200000
17984.0,250001 - 300000
17985.0,450001 - 500000
17986.0,200001 - 250000
17987.0,350001 - 400000
17988.0,150001 - 200000
17989.0,150001 - 200000
17990.0,200001 - 250000
17991.0,150001 - 200000
17992.0,150001 - 200000
17993.0,150001 - 200000
17994.0,100001 - 150000
17995.0,300001 - 350000
17996.0,100001 - 150000
17997.0,200001 - 250000
17998.0,450001 - 500000
17999.0,300001 - 350000
18000.0,150001 - 200000
18001.0,450001 - 500000
18002.0,150001 - 200000
18003.0,50001 - 100000
18004.0,100001 - 150000
18005.0,200001 - 250000
18006.0,200001 - 250000
18007.0,14999 - 50000
18008.0,14999 - 50000
18009.0,250001 - 300000
18010.0,150001 - 200000
18011.0,250001 - 300000
18012.0,50001 - 100000
18013.0,250001 - 300000
18014.0,200001 - 250000
18015.0,300001 - 350000
18016.0,100001 - 150000
18017.0,200001 - 250000
18018.0,250001 - 300000
18019.0,150001 - 200000
18020.0,100001 - 150000
18021.0,150001 - 200000
18022.0,150001 - 200000
18023.0,150001 - 200000
18024.0,150001 - 200000
18025.0,300001 - 350000
18026.0,50001 - 100000
18027.0,100001 - 150000
18028.0,100001 - 150000
18029.0,100001 - 150000
18030.0,100001 - 150000
18031.0,50001 - 100000
18032.0,14999 - 50000
18033.0,50001 - 100000
18034.0,150001 - 200000
18035.0,50001 - 100000
18036.0,250001 - 300000
18037.0,150001 - 200000
18038.0,50001 - 100000
18039.0,250001 - 300000
18040.0,50001 - 100000
18041.0,150001 - 200000
18042.0,200001 - 250000
18043.0,50001 - 100000
18044.0,350001 - 400000
18045.0,250001 - 300000
18046.0,100001 - 150000
18047.0,150001 - 200000
18048.0,200001 - 250000
18049.0,100001 - 150000
18050.0,250001 - 300000
18051.0,300001 - 350000
18052.0,50001 - 100000
18053.0,450001 - 500000
18054.0,50001 - 100000
18055.0,50001 - 100000
18056.0,300001 - 350000
18057.0,350001 - 400000
18058.0,50001 - 100000
18059.0,200001 - 250000
18060.0,50001 - 100000
18061.0,250001 - 300000
18062.0,350001 - 400000
18063.0,50001 - 100000
18064.0,300001 - 350000
18065.0,150001 - 200000
18066.0,100001 - 150000
18067.0,50001 - 100000
18068.0,100001 - 150000
18069.0,50001 - 100000
18070.0,50001 - 100000
18071.0,250001 - 300000
18072.0,450001 - 500000
18073.0,100001 - 150000
18074.0,50001 - 100000
18075.0,150001 - 200000
18076.0,300001 - 350000
18077.0,100001 - 150000
18078.0,50001 - 100000
18079.0,50001 - 100000
18080.0,150001 - 200000
18081.0,450001 - 500000
18082.0,150001 - 200000
18083.0,150001 - 200000
18084.0,450001 - 500000
18085.0,150001 - 200000
18086.0,100001 - 150000
18087.0,200001 - 250000
18088.0,150001 - 200000
18089.0,50001 - 100000
18090.0,400001 - 450000
18091.0,400001 - 450000
18092.0,150001 - 200000
18093.0,100001 - 150000
18094.0,150001 - 200000
18095.0,150001 - 200000
18096.0,400001 - 450000
18097.0,14999 - 50000
18098.0,150001 - 200000
18099.0,450001 - 500000
18100.0,50001 - 100000
18101.0,150001 - 200000
18102.0,100001 - 150000
18103.0,150001 - 200000
18104.0,100001 - 150000
18105.0,150001 - 200000
18106.0,150001 - 200000
18107.0,250001 - 300000
18108.0,300001 - 350000
18109.0,250001 - 300000
18110.0,300001 - 350000
18111.0,200001 - 250000
18112.0,150001 - 200000
18113.0,100001 - 150000
18114.0,300001 - 350000
18115.0,350001 - 400000
18116.0,50001 - 100000
18117.0,100001 - 150000
18118.0,100001 - 150000
18119.0,50001 - 100000
18120.0,300001 - 350000
18121.0,150001 - 200000
18122.0,350001 - 400000
18123.0,250001 - 300000
18124.0,150001 - 200000
18125.0,200001 - 250000
18126.0,150001 - 200000
18127.0,100001 - 150000
18128.0,150001 - 200000
18129.0,150001 - 200000
18130.0,200001 - 250000
18131.0,200001 - 250000
18132.0,100001 - 150000
18133.0,50001 - 100000
18134.0,450001 - 500000
18135.0,200001 - 250000
18136.0,150001 - 200000
18137.0,350001 - 400000
18138.0,100001 - 150000
18139.0,100001 - 150000
18140.0,100001 - 150000
18141.0,200001 - 250000
18142.0,100001 - 150000
18143.0,350001 - 400000
18144.0,300001 - 350000
18145.0,200001 - 250000
18146.0,50001 - 100000
18147.0,200001 - 250000
18148.0,150001 - 200000
18149.0,200001 - 250000
18150.0,200001 - 250000
18151.0,400001 - 450000
18152.0,50001 - 100000
18153.0,50001 - 100000
18154.0,150001 - 200000
18155.0,200001 - 250000
18156.0,100001 - 150000
18157.0,50001 - 100000
18158.0,200001 - 250000
18159.0,250001 - 300000
18160.0,450001 - 500000
18161.0,250001 - 300000
18162.0,100001 - 150000
18163.0,300001 - 350000
18164.0,50001 - 100000
18165.0,150001 - 200000
18166.0,100001 - 150000
18167.0,300001 - 350000
18168.0,200001 - 250000
18169.0,50001 - 100000
18170.0,50001 - 100000
18171.0,300001 - 350000
18172.0,100001 - 150000
18173.0,150001 - 200000
18174.0,150001 - 200000
18175.0,200001 - 250000
18176.0,350001 - 400000
18177.0,50001 - 100000
18178.0,100001 - 150000
18179.0,150001 - 200000
18180.0,400001 - 450000
18181.0,100001 - 150000
18182.0,100001 - 150000
18183.0,250001 - 300000
18184.0,250001 - 300000
18185.0,300001 - 350000
18186.0,150001 - 200000
18187.0,450001 - 500000
18188.0,250001 - 300000
18189.0,50001 - 100000
18190.0,200001 - 250000
18191.0,100001 - 150000
18192.0,200001 - 250000
18193.0,450001 - 500000
18194.0,300001 - 350000
18195.0,50001 - 100000
18196.0,150001 - 200000
18197.0,100001 - 150000
18198.0,200001 - 250000
18199.0,50001 - 100000
18200.0,200001 - 250000
18201.0,250001 - 300000
18202.0,50001 - 100000
18203.0,50001 - 100000
18204.0,200001 - 250000
18205.0,250001 - 300000
18206.0,250001 - 300000
18207.0,100001 - 150000
18208.0,450001 - 500000
18209.0,150001 - 200000
18210.0,350001 - 400000
18211.0,450001 - 500000
18212.0,100001 - 150000
18213.0,50001 - 100000
18214.0,100001 - 150000
18215.0,50001 - 100000
18216.0,100001 - 150000
18217.0,150001 - 200000
18218.0,150001 - 200000
18219.0,100001 - 150000
18220.0,250001 - 300000
18221.0,200001 - 250000
18222.0,350001 - 400000
18223.0,450001 - 500000
18224.0,100001 - 150000
18225.0,50001 - 100000
18226.0,150001 - 200000
18227.0,100001 - 150000
18228.0,100001 - 150000
18229.0,200001 - 250000
18230.0,200001 - 250000
18231.0,50001 - 100000
18232.0,250001 - 300000
18233.0,100001 - 150000
18234.0,150001 - 200000
18235.0,150001 - 200000
18236.0,300001 - 350000
18237.0,150001 - 200000
18238.0,300001 - 350000
18239.0,150001 - 200000
18240.0,100001 - 150000
18241.0,50001 - 100000
18242.0,100001 - 150000
18243.0,150001 - 200000
18244.0,450001 - 500000
18245.0,350001 - 400000
18246.0,450001 - 500000
18247.0,150001 - 200000
18248.0,150001 - 200000
18249.0,350001 - 400000
18250.0,200001 - 250000
18251.0,150001 - 200000
18252.0,150001 - 200000
18253.0,200001 - 250000
18254.0,250001 - 300000
18255.0,150001 - 200000
18256.0,50001 - 100000
18257.0,50001 - 100000
18258.0,350001 - 400000
18259.0,100001 - 150000
18260.0,150001 - 200000
18261.0,250001 - 300000
18262.0,100001 - 150000
18263.0,200001 - 250000
18264.0,450001 - 500000
18265.0,150001 - 200000
18266.0,150001 - 200000
18267.0,250001 - 300000
18268.0,300001 - 350000
18269.0,200001 - 250000
18270.0,100001 - 150000
18271.0,100001 - 150000
18272.0,100001 - 150000
18273.0,200001 - 250000
18274.0,50001 - 100000
18275.0,200001 - 250000
18276.0,150001 - 200000
18277.0,200001 - 250000
18278.0,200001 - 250000
18279.0,300001 - 350000
18280.0,100001 - 150000
18281.0,250001 - 300000
18282.0,200001 - 250000
18283.0,100001 - 150000
18284.0,200001 - 250000
18285.0,50001 - 100000
18286.0,300001 - 350000
18287.0,200001 - 250000
18288.0,100001 - 150000
18289.0,250001 - 300000
18290.0,300001 - 350000
18291.0,200001 - 250000
18292.0,50001 - 100000
18293.0,100001 - 150000
18294.0,200001 - 250000
18295.0,100001 - 150000
18296.0,150001 - 200000
18297.0,100001 - 150000
18298.0,50001 - 100000
18299.0,250001 - 300000
18300.0,150001 - 200000
18301.0,50001 - 100000
18302.0,150001 - 200000
18303.0,150001 - 200000
18304.0,200001 - 250000
18305.0,50001 - 100000
18306.0,50001 - 100000
18307.0,200001 - 250000
18308.0,50001 - 100000
18309.0,200001 - 250000
18310.0,100001 - 150000
18311.0,50001 - 100000
18312.0,250001 - 300000
18313.0,150001 - 200000
18314.0,100001 - 150000
18315.0,400001 - 450000
18316.0,250001 - 300000
18317.0,250001 - 300000
18318.0,450001 - 500000
18319.0,50001 - 100000
18320.0,200001 - 250000
18321.0,200001 - 250000
18322.0,250001 - 300000
18323.0,450001 - 500000
18324.0,150001 - 200000
18325.0,250001 - 300000
18326.0,350001 - 400000
18327.0,150001 - 200000
18328.0,250001 - 300000
18329.0,100001 - 150000
18330.0,450001 - 500000
18331.0,200001 - 250000
18332.0,350001 - 400000
18333.0,250001 - 300000
18334.0,150001 - 200000
18335.0,300001 - 350000
18336.0,200001 - 250000
18337.0,200001 - 250000
18338.0,50001 - 100000
18339.0,100001 - 150000
18340.0,250001 - 300000
18341.0,200001 - 250000
18342.0,450001 - 500000
18343.0,150001 - 200000
18344.0,200001 - 250000
18345.0,200001 - 250000
18346.0,50001 - 100000
18347.0,350001 - 400000
18348.0,100001 - 150000
18349.0,50001 - 100000
18350.0,200001 - 250000
18351.0,50001 - 100000
18352.0,200001 - 250000
18353.0,250001 - 300000
18354.0,200001 - 250000
18355.0,100001 - 150000
18356.0,100001 - 150000
18357.0,450001 - 500000
18358.0,100001 - 150000
18359.0,50001 - 100000
18360.0,350001 - 400000
18361.0,100001 - 150000
18362.0,200001 - 250000
18363.0,250001 - 300000
18364.0,100001 - 150000
18365.0,50001 - 100000
18366.0,100001 - 150000
18367.0,100001 - 150000
18368.0,450001 - 500000
18369.0,50001 - 100000
18370.0,200001 - 250000
18371.0,200001 - 250000
18372.0,350001 - 400000
18373.0,250001 - 300000
18374.0,250001 - 300000
18375.0,100001 - 150000
18376.0,150001 - 200000
18377.0,250001 - 300000
18378.0,150001 - 200000
18379.0,250001 - 300000
18380.0,250001 - 300000
18381.0,200001 - 250000
18382.0,100001 - 150000
18383.0,200001 - 250000
18384.0,450001 - 500000
18385.0,150001 - 200000
18386.0,200001 - 250000
18387.0,100001 - 150000
18388.0,450001 - 500000
18389.0,150001 - 200000
18390.0,150001 - 200000
18391.0,150001 - 200000
18392.0,200001 - 250000
18393.0,150001 - 200000
18394.0,200001 - 250000
18395.0,100001 - 150000
18396.0,200001 - 250000
18397.0,250001 - 300000
18398.0,100001 - 150000
18399.0,150001 - 200000
18400.0,200001 - 250000
18401.0,450001 - 500000
18402.0,150001 - 200000
18403.0,100001 - 150000
18404.0,50001 - 100000
18405.0,150001 - 200000
18406.0,100001 - 150000
18407.0,150001 - 200000
18408.0,50001 - 100000
18409.0,50001 - 100000
18410.0,150001 - 200000
18411.0,150001 - 200000
18412.0,150001 - 200000
18413.0,200001 - 250000
18414.0,150001 - 200000
18415.0,150001 - 200000
18416.0,100001 - 150000
18417.0,250001 - 300000
18418.0,200001 - 250000
18419.0,250001 - 300000
18420.0,200001 - 250000
18421.0,250001 - 300000
18422.0,150001 - 200000
18423.0,100001 - 150000
18424.0,400001 - 450000
18425.0,100001 - 150000
18426.0,250001 - 300000
18427.0,400001 - 450000
18428.0,50001 - 100000
18429.0,150001 - 200000
18430.0,150001 - 200000
18431.0,50001 - 100000
18432.0,200001 - 250000
18433.0,200001 - 250000
18434.0,250001 - 300000
18435.0,100001 - 150000
18436.0,100001 - 150000
18437.0,250001 - 300000
18438.0,200001 - 250000
18439.0,100001 - 150000
18440.0,150001 - 200000
18441.0,50001 - 100000
18442.0,100001 - 150000
18443.0,200001 - 250000
18444.0,200001 - 250000
18445.0,50001 - 100000
18446.0,50001 - 100000
18447.0,100001 - 150000
18448.0,150001 - 200000
18449.0,100001 - 150000
18450.0,450001 - 500000
18451.0,150001 - 200000
18452.0,150001 - 200000
18453.0,50001 - 100000
18454.0,150001 - 200000
18455.0,100001 - 150000
18456.0,50001 - 100000
18457.0,50001 - 100000
18458.0,150001 - 200000
18459.0,50001 - 100000
18460.0,350001 - 400000
18461.0,100001 - 150000
18462.0,250001 - 300000
18463.0,300001 - 350000
18464.0,50001 - 100000
18465.0,150001 - 200000
18466.0,200001 - 250000
18467.0,250001 - 300000
18468.0,200001 - 250000
18469.0,250001 - 300000
18470.0,200001 - 250000
18471.0,150001 - 200000
18472.0,150001 - 200000
18473.0,150001 - 200000
18474.0,450001 - 500000
18475.0,50001 - 100000
18476.0,450001 - 500000
18477.0,50001 - 100000
18478.0,100001 - 150000
18479.0,400001 - 450000
18480.0,300001 - 350000
18481.0,150001 - 200000
18482.0,150001 - 200000
18483.0,250001 - 300000
18484.0,300001 - 350000
18485.0,200001 - 250000
18486.0,100001 - 150000
18487.0,150001 - 200000
18488.0,250001 - 300000
18489.0,200001 - 250000
18490.0,150001 - 200000
18491.0,50001 - 100000
18492.0,100001 - 150000
18493.0,400001 - 450000
18494.0,50001 - 100000
18495.0,100001 - 150000
18496.0,300001 - 350000
18497.0,100001 - 150000
18498.0,350001 - 400000
18499.0,50001 - 100000
18500.0,100001 - 150000
18501.0,50001 - 100000
18502.0,250001 - 300000
18503.0,100001 - 150000
18504.0,100001 - 150000
18505.0,200001 - 250000
18506.0,200001 - 250000
18507.0,100001 - 150000
18508.0,200001 - 250000
18509.0,100001 - 150000
18510.0,50001 - 100000
18511.0,450001 - 500000
18512.0,300001 - 350000
18513.0,150001 - 200000
18514.0,350001 - 400000
18515.0,50001 - 100000
18516.0,50001 - 100000
18517.0,300001 - 350000
18518.0,150001 - 200000
18519.0,250001 - 300000
18520.0,150001 - 200000
18521.0,350001 - 400000
18522.0,100001 - 150000
18523.0,250001 - 300000
18524.0,50001 - 100000
18525.0,100001 - 150000
18526.0,400001 - 450000
18527.0,100001 - 150000
18528.0,300001 - 350000
18529.0,150001 - 200000
18530.0,100001 - 150000
18531.0,100001 - 150000
18532.0,100001 - 150000
18533.0,50001 - 100000
18534.0,50001 - 100000
18535.0,150001 - 200000
18536.0,200001 - 250000
18537.0,150001 - 200000
18538.0,50001 - 100000
18539.0,200001 - 250000
18540.0,50001 - 100000
18541.0,150001 - 200000
18542.0,150001 - 200000
18543.0,150001 - 200000
18544.0,350001 - 400000
18545.0,150001 - 200000
18546.0,300001 - 350000
18547.0,150001 - 200000
18548.0,200001 - 250000
18549.0,200001 - 250000
18550.0,300001 - 350000
18551.0,200001 - 250000
18552.0,250001 - 300000
18553.0,100001 - 150000
18554.0,100001 - 150000
18555.0,150001 - 200000
18556.0,50001 - 100000
18557.0,450001 - 500000
18558.0,150001 - 200000
18559.0,450001 - 500000
18560.0,250001 - 300000
18561.0,100001 - 150000
18562.0,450001 - 500000
18563.0,200001 - 250000
18564.0,450001 - 500000
18565.0,50001 - 100000
18566.0,450001 - 500000
18567.0,100001 - 150000
18568.0,150001 - 200000
18569.0,150001 - 200000
18570.0,100001 - 150000
18571.0,150001 - 200000
18572.0,150001 - 200000
18573.0,100001 - 150000
18574.0,100001 - 150000
18575.0,100001 - 150000
18576.0,50001 - 100000
18577.0,200001 - 250000
18578.0,150001 - 200000
18579.0,200001 - 250000
18580.0,400001 - 450000
18581.0,100001 - 150000
18582.0,150001 - 200000
18583.0,250001 - 300000
18584.0,50001 - 100000
18585.0,200001 - 250000
18586.0,200001 - 250000
18587.0,350001 - 400000
18588.0,150001 - 200000
18589.0,350001 - 400000
18590.0,100001 - 150000
18591.0,300001 - 350000
18592.0,50001 - 100000
18593.0,400001 - 450000
18594.0,100001 - 150000
18595.0,400001 - 450000
18596.0,50001 - 100000
18597.0,250001 - 300000
18598.0,150001 - 200000
18599.0,200001 - 250000
18600.0,50001 - 100000
18601.0,450001 - 500000
18602.0,50001 - 100000
18603.0,250001 - 300000
18604.0,200001 - 250000
18605.0,300001 - 350000
18606.0,150001 - 200000
18607.0,150001 - 200000
18608.0,50001 - 100000
18609.0,300001 - 350000
18610.0,100001 - 150000
18611.0,450001 - 500000
18612.0,50001 - 100000
18613.0,250001 - 300000
18614.0,250001 - 300000
18615.0,100001 - 150000
18616.0,250001 - 300000
18617.0,100001 - 150000
18618.0,100001 - 150000
18619.0,200001 - 250000
18620.0,150001 - 200000
18621.0,50001 - 100000
18622.0,150001 - 200000
18623.0,50001 - 100000
18624.0,250001 - 300000
18625.0,50001 - 100000
18626.0,450001 - 500000
18627.0,100001 - 150000
18628.0,350001 - 400000
18629.0,100001 - 150000
18630.0,150001 - 200000
18631.0,450001 - 500000
18632.0,150001 - 200000
18633.0,200001 - 250000
18634.0,50001 - 100000
18635.0,150001 - 200000
18636.0,350001 - 400000
18637.0,50001 - 100000
18638.0,100001 - 150000
18639.0,150001 - 200000
18640.0,100001 - 150000
18641.0,350001 - 400000
18642.0,100001 - 150000
18643.0,200001 - 250000
18644.0,300001 - 350000
18645.0,200001 - 250000
18646.0,350001 - 400000
18647.0,100001 - 150000
18648.0,50001 - 100000
18649.0,100001 - 150000
18650.0,100001 - 150000
18651.0,200001 - 250000
18652.0,200001 - 250000
18653.0,350001 - 400000
18654.0,250001 - 300000
18655.0,250001 - 300000
18656.0,300001 - 350000
18657.0,200001 - 250000
18658.0,150001 - 200000
18659.0,50001 - 100000
18660.0,100001 - 150000
18661.0,150001 - 200000
18662.0,50001 - 100000
18663.0,150001 - 200000
18664.0,100001 - 150000
18665.0,100001 - 150000
18666.0,100001 - 150000
18667.0,100001 - 150000
18668.0,100001 - 150000
18669.0,250001 - 300000
18670.0,100001 - 150000
18671.0,400001 - 450000
18672.0,150001 - 200000
18673.0,100001 - 150000
18674.0,50001 - 100000
18675.0,250001 - 300000
18676.0,200001 - 250000
18677.0,50001 - 100000
18678.0,300001 - 350000
18679.0,250001 - 300000
18680.0,200001 - 250000
18681.0,100001 - 150000
18682.0,100001 - 150000
18683.0,100001 - 150000
18684.0,50001 - 100000
18685.0,200001 - 250000
18686.0,250001 - 300000
18687.0,100001 - 150000
18688.0,150001 - 200000
18689.0,100001 - 150000
18690.0,200001 - 250000
18691.0,50001 - 100000
18692.0,50001 - 100000
18693.0,50001 - 100000
18694.0,150001 - 200000
18695.0,50001 - 100000
18696.0,100001 - 150000
18697.0,50001 - 100000
18698.0,200001 - 250000
18699.0,300001 - 350000
18700.0,100001 - 150000
18701.0,350001 - 400000
18702.0,100001 - 150000
18703.0,100001 - 150000
18704.0,150001 - 200000
18705.0,50001 - 100000
18706.0,200001 - 250000
18707.0,200001 - 250000
18708.0,150001 - 200000
18709.0,50001 - 100000
18710.0,100001 - 150000
18711.0,400001 - 450000
18712.0,200001 - 250000
18713.0,50001 - 100000
18714.0,300001 - 350000
18715.0,200001 - 250000
18716.0,150001 - 200000
18717.0,200001 - 250000
18718.0,450001 - 500000
18719.0,150001 - 200000
18720.0,300001 - 350000
18721.0,150001 - 200000
18722.0,150001 - 200000
18723.0,250001 - 300000
18724.0,200001 - 250000
18725.0,100001 - 150000
18726.0,300001 - 350000
18727.0,100001 - 150000
18728.0,150001 - 200000
18729.0,400001 - 450000
18730.0,200001 - 250000
18731.0,300001 - 350000
18732.0,50001 - 100000
18733.0,150001 - 200000
18734.0,150001 - 200000
18735.0,200001 - 250000
18736.0,100001 - 150000
18737.0,50001 - 100000
18738.0,200001 - 250000
18739.0,250001 - 300000
18740.0,300001 - 350000
18741.0,50001 - 100000
18742.0,50001 - 100000
18743.0,100001 - 150000
18744.0,100001 - 150000
18745.0,50001 - 100000
18746.0,400001 - 450000
18747.0,150001 - 200000
18748.0,100001 - 150000
18749.0,350001 - 400000
18750.0,100001 - 150000
18751.0,200001 - 250000
18752.0,250001 - 300000
18753.0,350001 - 400000
18754.0,50001 - 100000
18755.0,350001 - 400000
18756.0,200001 - 250000
18757.0,200001 - 250000
18758.0,450001 - 500000
18759.0,150001 - 200000
18760.0,100001 - 150000
18761.0,250001 - 300000
18762.0,100001 - 150000
18763.0,250001 - 300000
18764.0,400001 - 450000
18765.0,350001 - 400000
18766.0,50001 - 100000
18767.0,150001 - 200000
18768.0,150001 - 200000
18769.0,150001 - 200000
18770.0,300001 - 350000
18771.0,200001 - 250000
18772.0,250001 - 300000
18773.0,50001 - 100000
18774.0,50001 - 100000
18775.0,150001 - 200000
18776.0,200001 - 250000
18777.0,100001 - 150000
18778.0,450001 - 500000
18779.0,450001 - 500000
18780.0,150001 - 200000
18781.0,250001 - 300000
18782.0,150001 - 200000
18783.0,100001 - 150000
18784.0,300001 - 350000
18785.0,50001 - 100000
18786.0,450001 - 500000
18787.0,150001 - 200000
18788.0,350001 - 400000
18789.0,200001 - 250000
18790.0,200001 - 250000
18791.0,100001 - 150000
18792.0,100001 - 150000
18793.0,200001 - 250000
18794.0,150001 - 200000
18795.0,200001 - 250000
18796.0,350001 - 400000
18797.0,100001 - 150000
18798.0,100001 - 150000
18799.0,100001 - 150000
18800.0,50001 - 100000
18801.0,50001 - 100000
18802.0,100001 - 150000
18803.0,200001 - 250000
18804.0,150001 - 200000
18805.0,100001 - 150000
18806.0,200001 - 250000
18807.0,200001 - 250000
18808.0,150001 - 200000
18809.0,300001 - 350000
18810.0,250001 - 300000
18811.0,150001 - 200000
18812.0,50001 - 100000
18813.0,350001 - 400000
18814.0,150001 - 200000
18815.0,450001 - 500000
18816.0,150001 - 200000
18817.0,150001 - 200000
18818.0,150001 - 200000
18819.0,200001 - 250000
18820.0,50001 - 100000
18821.0,300001 - 350000
18822.0,450001 - 500000
18823.0,150001 - 200000
18824.0,150001 - 200000
18825.0,350001 - 400000
18826.0,150001 - 200000
18827.0,100001 - 150000
18828.0,50001 - 100000
18829.0,100001 - 150000
18830.0,100001 - 150000
18831.0,200001 - 250000
18832.0,300001 - 350000
18833.0,400001 - 450000
18834.0,50001 - 100000
18835.0,150001 - 200000
18836.0,300001 - 350000
18837.0,250001 - 300000
18838.0,50001 - 100000
18839.0,100001 - 150000
18840.0,100001 - 150000
18841.0,150001 - 200000
18842.0,50001 - 100000
18843.0,150001 - 200000
18844.0,250001 - 300000
18845.0,50001 - 100000
18846.0,300001 - 350000
18847.0,100001 - 150000
18848.0,250001 - 300000
18849.0,300001 - 350000
18850.0,50001 - 100000
18851.0,150001 - 200000
18852.0,200001 - 250000
18853.0,150001 - 200000
18854.0,50001 - 100000
18855.0,200001 - 250000
18856.0,200001 - 250000
18857.0,200001 - 250000
18858.0,300001 - 350000
18859.0,100001 - 150000
18860.0,50001 - 100000
18861.0,350001 - 400000
18862.0,150001 - 200000
18863.0,250001 - 300000
18864.0,350001 - 400000
18865.0,100001 - 150000
18866.0,350001 - 400000
18867.0,250001 - 300000
18868.0,100001 - 150000
18869.0,200001 - 250000
18870.0,100001 - 150000
18871.0,50001 - 100000
18872.0,50001 - 100000
18873.0,450001 - 500000
18874.0,200001 - 250000
18875.0,150001 - 200000
18876.0,200001 - 250000
18877.0,50001 - 100000
18878.0,400001 - 450000
18879.0,250001 - 300000
18880.0,150001 - 200000
18881.0,450001 - 500000
18882.0,250001 - 300000
18883.0,100001 - 150000
18884.0,200001 - 250000
18885.0,50001 - 100000
18886.0,100001 - 150000
18887.0,450001 - 500000
18888.0,450001 - 500000
18889.0,50001 - 100000
18890.0,150001 - 200000
18891.0,200001 - 250000
18892.0,300001 - 350000
18893.0,150001 - 200000
18894.0,150001 - 200000
18895.0,150001 - 200000
18896.0,100001 - 150000
18897.0,50001 - 100000
18898.0,250001 - 300000
18899.0,400001 - 450000
18900.0,350001 - 400000
18901.0,50001 - 100000
18902.0,200001 - 250000
18903.0,100001 - 150000
18904.0,50001 - 100000
18905.0,450001 - 500000
18906.0,50001 - 100000
18907.0,150001 - 200000
18908.0,100001 - 150000
18909.0,200001 - 250000
18910.0,150001 - 200000
18911.0,150001 - 200000
18912.0,200001 - 250000
18913.0,300001 - 350000
18914.0,300001 - 350000
18915.0,100001 - 150000
18916.0,50001 - 100000
18917.0,150001 - 200000
18918.0,150001 - 200000
18919.0,50001 - 100000
18920.0,300001 - 350000
18921.0,50001 - 100000
18922.0,350001 - 400000
18923.0,250001 - 300000
18924.0,150001 - 200000
18925.0,200001 - 250000
18926.0,300001 - 350000
18927.0,100001 - 150000
18928.0,100001 - 150000
18929.0,350001 - 400000
18930.0,150001 - 200000
18931.0,150001 - 200000
18932.0,50001 - 100000
18933.0,300001 - 350000
18934.0,50001 - 100000
18935.0,350001 - 400000
18936.0,100001 - 150000
18937.0,300001 - 350000
18938.0,250001 - 300000
18939.0,100001 - 150000
18940.0,150001 - 200000
18941.0,150001 - 200000
18942.0,100001 - 150000
18943.0,150001 - 200000
18944.0,250001 - 300000
18945.0,150001 - 200000
18946.0,100001 - 150000
18947.0,150001 - 200000
18948.0,300001 - 350000
18949.0,400001 - 450000
18950.0,150001 - 200000
18951.0,150001 - 200000
18952.0,450001 - 500000
18953.0,450001 - 500000
18954.0,200001 - 250000
18955.0,450001 - 500000
18956.0,100001 - 150000
18957.0,100001 - 150000
18958.0,150001 - 200000
18959.0,100001 - 150000
18960.0,100001 - 150000
18961.0,100001 - 150000
18962.0,200001 - 250000
18963.0,250001 - 300000
18964.0,100001 - 150000
18965.0,150001 - 200000
18966.0,50001 - 100000
18967.0,200001 - 250000
18968.0,200001 - 250000
18969.0,250001 - 300000
18970.0,200001 - 250000
18971.0,100001 - 150000
18972.0,50001 - 100000
18973.0,150001 - 200000
18974.0,150001 - 200000
18975.0,100001 - 150000
18976.0,300001 - 350000
18977.0,300001 - 350000
18978.0,100001 - 150000
18979.0,150001 - 200000
18980.0,150001 - 200000
18981.0,450001 - 500000
18982.0,100001 - 150000
18983.0,250001 - 300000
18984.0,100001 - 150000
18985.0,150001 - 200000
18986.0,300001 - 350000
18987.0,350001 - 400000
18988.0,150001 - 200000
18989.0,250001 - 300000
18990.0,100001 - 150000
18991.0,150001 - 200000
18992.0,450001 - 500000
18993.0,200001 - 250000
18994.0,450001 - 500000
18995.0,150001 - 200000
18996.0,250001 - 300000
18997.0,350001 - 400000
18998.0,250001 - 300000
18999.0,300001 - 350000
19000.0,150001 - 200000
19001.0,50001 - 100000
19002.0,14999 - 50000
19003.0,100001 - 150000
19004.0,350001 - 400000
19005.0,450001 - 500000
19006.0,50001 - 100000
19007.0,450001 - 500000
19008.0,400001 - 450000
19009.0,150001 - 200000
19010.0,350001 - 400000
19011.0,200001 - 250000
19012.0,350001 - 400000
19013.0,200001 - 250000
19014.0,200001 - 250000
19015.0,250001 - 300000
19016.0,50001 - 100000
19017.0,450001 - 500000
19018.0,100001 - 150000
19019.0,50001 - 100000
19020.0,50001 - 100000
19021.0,50001 - 100000
19022.0,300001 - 350000
19023.0,200001 - 250000
19024.0,250001 - 300000
19025.0,300001 - 350000
19026.0,50001 - 100000
19027.0,50001 - 100000
19028.0,50001 - 100000
19029.0,200001 - 250000
19030.0,150001 - 200000
19031.0,100001 - 150000
19032.0,50001 - 100000
19033.0,400001 - 450000
19034.0,200001 - 250000
19035.0,250001 - 300000
19036.0,50001 - 100000
19037.0,50001 - 100000
19038.0,50001 - 100000
19039.0,50001 - 100000
19040.0,350001 - 400000
19041.0,400001 - 450000
19042.0,450001 - 500000
19043.0,150001 - 200000
19044.0,300001 - 350000
19045.0,100001 - 150000
19046.0,150001 - 200000
19047.0,100001 - 150000
19048.0,100001 - 150000
19049.0,450001 - 500000
19050.0,50001 - 100000
19051.0,450001 - 500000
19052.0,400001 - 450000
19053.0,150001 - 200000
19054.0,450001 - 500000
19055.0,150001 - 200000
19056.0,50001 - 100000
19057.0,200001 - 250000
19058.0,150001 - 200000
19059.0,300001 - 350000
19060.0,250001 - 300000
19061.0,50001 - 100000
19062.0,100001 - 150000
19063.0,250001 - 300000
19064.0,200001 - 250000
19065.0,250001 - 300000
19066.0,300001 - 350000
19067.0,450001 - 500000
19068.0,50001 - 100000
19069.0,450001 - 500000
19070.0,50001 - 100000
19071.0,150001 - 200000
19072.0,150001 - 200000
19073.0,50001 - 100000
19074.0,150001 - 200000
19075.0,50001 - 100000
19076.0,250001 - 300000
19077.0,100001 - 150000
19078.0,50001 - 100000
19079.0,200001 - 250000
19080.0,250001 - 300000
19081.0,200001 - 250000
19082.0,50001 - 100000
19083.0,50001 - 100000
19084.0,150001 - 200000
19085.0,50001 - 100000
19086.0,350001 - 400000
19087.0,100001 - 150000
19088.0,100001 - 150000
19089.0,100001 - 150000
19090.0,100001 - 150000
19091.0,14999 - 50000
19092.0,150001 - 200000
19093.0,400001 - 450000
19094.0,50001 - 100000
19095.0,250001 - 300000
19096.0,100001 - 150000
19097.0,400001 - 450000
19098.0,300001 - 350000
19099.0,100001 - 150000
19100.0,100001 - 150000
19101.0,150001 - 200000
19102.0,150001 - 200000
19103.0,250001 - 300000
19104.0,50001 - 100000
19105.0,400001 - 450000
19106.0,100001 - 150000
19107.0,100001 - 150000
19108.0,250001 - 300000
19109.0,100001 - 150000
19110.0,200001 - 250000
19111.0,50001 - 100000
19112.0,150001 - 200000
19113.0,100001 - 150000
19114.0,150001 - 200000
19115.0,100001 - 150000
19116.0,200001 - 250000
19117.0,100001 - 150000
19118.0,300001 - 350000
19119.0,100001 - 150000
19120.0,250001 - 300000
19121.0,300001 - 350000
19122.0,100001 - 150000
19123.0,50001 - 100000
19124.0,50001 - 100000
19125.0,50001 - 100000
19126.0,450001 - 500000
19127.0,200001 - 250000
19128.0,250001 - 300000
19129.0,50001 - 100000
19130.0,100001 - 150000
19131.0,100001 - 150000
19132.0,100001 - 150000
19133.0,100001 - 150000
19134.0,150001 - 200000
19135.0,250001 - 300000
19136.0,250001 - 300000
19137.0,100001 - 150000
19138.0,200001 - 250000
19139.0,50001 - 100000
19140.0,350001 - 400000
19141.0,100001 - 150000
19142.0,150001 - 200000
19143.0,250001 - 300000
19144.0,150001 - 200000
19145.0,200001 - 250000
19146.0,150001 - 200000
19147.0,100001 - 150000
19148.0,400001 - 450000
19149.0,100001 - 150000
19150.0,50001 - 100000
19151.0,50001 - 100000
19152.0,100001 - 150000
19153.0,450001 - 500000
19154.0,150001 - 200000
19155.0,50001 - 100000
19156.0,300001 - 350000
19157.0,100001 - 150000
19158.0,50001 - 100000
19159.0,200001 - 250000
19160.0,100001 - 150000
19161.0,400001 - 450000
19162.0,50001 - 100000
19163.0,150001 - 200000
19164.0,250001 - 300000
19165.0,100001 - 150000
19166.0,200001 - 250000
19167.0,150001 - 200000
19168.0,250001 - 300000
19169.0,100001 - 150000
19170.0,100001 - 150000
19171.0,200001 - 250000
19172.0,150001 - 200000
19173.0,300001 - 350000
19174.0,150001 - 200000
19175.0,200001 - 250000
19176.0,100001 - 150000
19177.0,50001 - 100000
19178.0,100001 - 150000
19179.0,150001 - 200000
19180.0,150001 - 200000
19181.0,50001 - 100000
19182.0,150001 - 200000
19183.0,200001 - 250000
19184.0,450001 - 500000
19185.0,50001 - 100000
19186.0,50001 - 100000
19187.0,100001 - 150000
19188.0,100001 - 150000
19189.0,250001 - 300000
19190.0,100001 - 150000
19191.0,300001 - 350000
19192.0,150001 - 200000
19193.0,200001 - 250000
19194.0,50001 - 100000
19195.0,450001 - 500000
19196.0,50001 - 100000
19197.0,300001 - 350000
19198.0,50001 - 100000
19199.0,100001 - 150000
19200.0,450001 - 500000
19201.0,450001 - 500000
19202.0,150001 - 200000
19203.0,150001 - 200000
19204.0,50001 - 100000
19205.0,100001 - 150000
19206.0,200001 - 250000
19207.0,250001 - 300000
19208.0,200001 - 250000
19209.0,50001 - 100000
19210.0,300001 - 350000
19211.0,400001 - 450000
19212.0,150001 - 200000
19213.0,150001 - 200000
19214.0,100001 - 150000
19215.0,100001 - 150000
19216.0,250001 - 300000
19217.0,150001 - 200000
19218.0,450001 - 500000
19219.0,50001 - 100000
19220.0,100001 - 150000
19221.0,450001 - 500000
19222.0,50001 - 100000
19223.0,300001 - 350000
19224.0,100001 - 150000
19225.0,100001 - 150000
19226.0,450001 - 500000
19227.0,100001 - 150000
19228.0,450001 - 500000
19229.0,100001 - 150000
19230.0,150001 - 200000
19231.0,200001 - 250000
19232.0,150001 - 200000
19233.0,250001 - 300000
19234.0,100001 - 150000
19235.0,200001 - 250000
19236.0,100001 - 150000
19237.0,14999 - 50000
19238.0,250001 - 300000
19239.0,150001 - 200000
19240.0,100001 - 150000
19241.0,250001 - 300000
19242.0,300001 - 350000
19243.0,300001 - 350000
19244.0,450001 - 500000
19245.0,250001 - 300000
19246.0,100001 - 150000
19247.0,100001 - 150000
19248.0,50001 - 100000
19249.0,200001 - 250000
19250.0,250001 - 300000
19251.0,50001 - 100000
19252.0,150001 - 200000
19253.0,250001 - 300000
19254.0,250001 - 300000
19255.0,150001 - 200000
19256.0,300001 - 350000
19257.0,150001 - 200000
19258.0,50001 - 100000
19259.0,300001 - 350000
19260.0,100001 - 150000
19261.0,50001 - 100000
19262.0,50001 - 100000
19263.0,250001 - 300000
19264.0,150001 - 200000
19265.0,100001 - 150000
19266.0,100001 - 150000
19267.0,150001 - 200000
19268.0,50001 - 100000
19269.0,150001 - 200000
19270.0,50001 - 100000
19271.0,400001 - 450000
19272.0,150001 - 200000
19273.0,50001 - 100000
19274.0,250001 - 300000
19275.0,150001 - 200000
19276.0,250001 - 300000
19277.0,150001 - 200000
19278.0,200001 - 250000
19279.0,50001 - 100000
19280.0,100001 - 150000
19281.0,50001 - 100000
19282.0,200001 - 250000
19283.0,100001 - 150000
19284.0,150001 - 200000
19285.0,50001 - 100000
19286.0,100001 - 150000
19287.0,250001 - 300000
19288.0,200001 - 250000
19289.0,200001 - 250000
19290.0,200001 - 250000
19291.0,200001 - 250000
19292.0,150001 - 200000
19293.0,50001 - 100000
19294.0,50001 - 100000
19295.0,50001 - 100000
19296.0,150001 - 200000
19297.0,100001 - 150000
19298.0,150001 - 200000
19299.0,100001 - 150000
19300.0,200001 - 250000
19301.0,250001 - 300000
19302.0,200001 - 250000
19303.0,200001 - 250000
19304.0,150001 - 200000
19305.0,250001 - 300000
19306.0,100001 - 150000
19307.0,100001 - 150000
19308.0,100001 - 150000
19309.0,150001 - 200000
19310.0,14999 - 50000
19311.0,300001 - 350000
19312.0,100001 - 150000
19313.0,50001 - 100000
19314.0,50001 - 100000
19315.0,100001 - 150000
19316.0,150001 - 200000
19317.0,150001 - 200000
19318.0,250001 - 300000
19319.0,100001 - 150000
19320.0,150001 - 200000
19321.0,50001 - 100000
19322.0,200001 - 250000
19323.0,50001 - 100000
19324.0,200001 - 250000
19325.0,200001 - 250000
19326.0,200001 - 250000
19327.0,250001 - 300000
19328.0,250001 - 300000
19329.0,150001 - 200000
19330.0,150001 - 200000
19331.0,50001 - 100000
19332.0,50001 - 100000
19333.0,250001 - 300000
19334.0,300001 - 350000
19335.0,250001 - 300000
19336.0,200001 - 250000
19337.0,150001 - 200000
19338.0,450001 - 500000
19339.0,150001 - 200000
19340.0,150001 - 200000
19341.0,200001 - 250000
19342.0,50001 - 100000
19343.0,250001 - 300000
19344.0,200001 - 250000
19345.0,100001 - 150000
19346.0,100001 - 150000
19347.0,450001 - 500000
19348.0,250001 - 300000
19349.0,100001 - 150000
19350.0,250001 - 300000
19351.0,450001 - 500000
19352.0,200001 - 250000
19353.0,100001 - 150000
19354.0,200001 - 250000
19355.0,100001 - 150000
19356.0,150001 - 200000
19357.0,350001 - 400000
19358.0,150001 - 200000
19359.0,400001 - 450000
19360.0,150001 - 200000
19361.0,50001 - 100000
19362.0,450001 - 500000
19363.0,200001 - 250000
19364.0,200001 - 250000
19365.0,350001 - 400000
19366.0,150001 - 200000
19367.0,300001 - 350000
19368.0,50001 - 100000
19369.0,50001 - 100000
19370.0,100001 - 150000
19371.0,450001 - 500000
19372.0,100001 - 150000
19373.0,100001 - 150000
19374.0,100001 - 150000
19375.0,50001 - 100000
19376.0,50001 - 100000
19377.0,200001 - 250000
19378.0,150001 - 200000
19379.0,450001 - 500000
19380.0,250001 - 300000
19381.0,200001 - 250000
19382.0,200001 - 250000
19383.0,450001 - 500000
19384.0,100001 - 150000
19385.0,450001 - 500000
19386.0,100001 - 150000
19387.0,250001 - 300000
19388.0,50001 - 100000
19389.0,200001 - 250000
19390.0,150001 - 200000
19391.0,200001 - 250000
19392.0,150001 - 200000
19393.0,100001 - 150000
19394.0,50001 - 100000
19395.0,250001 - 300000
19396.0,200001 - 250000
19397.0,100001 - 150000
19398.0,100001 - 150000
19399.0,50001 - 100000
19400.0,350001 - 400000
19401.0,200001 - 250000
19402.0,50001 - 100000
19403.0,250001 - 300000
19404.0,150001 - 200000
19405.0,50001 - 100000
19406.0,50001 - 100000
19407.0,300001 - 350000
19408.0,50001 - 100000
19409.0,150001 - 200000
19410.0,50001 - 100000
19411.0,200001 - 250000
19412.0,100001 - 150000
19413.0,100001 - 150000
19414.0,150001 - 200000
19415.0,100001 - 150000
19416.0,100001 - 150000
19417.0,150001 - 200000
19418.0,300001 - 350000
19419.0,50001 - 100000
19420.0,200001 - 250000
19421.0,100001 - 150000
19422.0,200001 - 250000
19423.0,200001 - 250000
19424.0,150001 - 200000
19425.0,150001 - 200000
19426.0,150001 - 200000
19427.0,50001 - 100000
19428.0,150001 - 200000
19429.0,150001 - 200000
19430.0,150001 - 200000
19431.0,50001 - 100000
19432.0,150001 - 200000
19433.0,200001 - 250000
19434.0,100001 - 150000
19435.0,100001 - 150000
19436.0,150001 - 200000
19437.0,450001 - 500000
19438.0,300001 - 350000
19439.0,50001 - 100000
19440.0,450001 - 500000
19441.0,50001 - 100000
19442.0,150001 - 200000
19443.0,100001 - 150000
19444.0,200001 - 250000
19445.0,450001 - 500000
19446.0,150001 - 200000
19447.0,150001 - 200000
19448.0,150001 - 200000
19449.0,200001 - 250000
19450.0,150001 - 200000
19451.0,200001 - 250000
19452.0,200001 - 250000
19453.0,250001 - 300000
19454.0,100001 - 150000
19455.0,450001 - 500000
19456.0,300001 - 350000
19457.0,150001 - 200000
19458.0,200001 - 250000
19459.0,450001 - 500000
19460.0,150001 - 200000
19461.0,50001 - 100000
19462.0,250001 - 300000
19463.0,300001 - 350000
19464.0,50001 - 100000
19465.0,250001 - 300000
19466.0,150001 - 200000
19467.0,200001 - 250000
19468.0,100001 - 150000
19469.0,250001 - 300000
19470.0,50001 - 100000
19471.0,200001 - 250000
19472.0,450001 - 500000
19473.0,200001 - 250000
19474.0,100001 - 150000
19475.0,250001 - 300000
19476.0,100001 - 150000
19477.0,50001 - 100000
19478.0,100001 - 150000
19479.0,100001 - 150000
19480.0,50001 - 100000
19481.0,250001 - 300000
19482.0,250001 - 300000
19483.0,100001 - 150000
19484.0,350001 - 400000
19485.0,150001 - 200000
19486.0,300001 - 350000
19487.0,200001 - 250000
19488.0,200001 - 250000
19489.0,200001 - 250000
19490.0,200001 - 250000
19491.0,350001 - 400000
19492.0,50001 - 100000
19493.0,150001 - 200000
19494.0,100001 - 150000
19495.0,200001 - 250000
19496.0,200001 - 250000
19497.0,50001 - 100000
19498.0,450001 - 500000
19499.0,14999 - 50000
19500.0,350001 - 400000
19501.0,200001 - 250000
19502.0,150001 - 200000
19503.0,50001 - 100000
19504.0,150001 - 200000
19505.0,50001 - 100000
19506.0,250001 - 300000
19507.0,150001 - 200000
19508.0,350001 - 400000
19509.0,150001 - 200000
19510.0,200001 - 250000
19511.0,200001 - 250000
19512.0,150001 - 200000
19513.0,200001 - 250000
19514.0,200001 - 250000
19515.0,300001 - 350000
19516.0,200001 - 250000
19517.0,150001 - 200000
19518.0,400001 - 450000
19519.0,100001 - 150000
19520.0,250001 - 300000
19521.0,50001 - 100000
19522.0,50001 - 100000
19523.0,450001 - 500000
19524.0,200001 - 250000
19525.0,100001 - 150000
19526.0,150001 - 200000
19527.0,50001 - 100000
19528.0,150001 - 200000
19529.0,350001 - 400000
19530.0,200001 - 250000
19531.0,200001 - 250000
19532.0,50001 - 100000
19533.0,100001 - 150000
19534.0,100001 - 150000
19535.0,100001 - 150000
19536.0,300001 - 350000
19537.0,150001 - 200000
19538.0,400001 - 450000
19539.0,100001 - 150000
19540.0,400001 - 450000
19541.0,50001 - 100000
19542.0,450001 - 500000
19543.0,200001 - 250000
19544.0,200001 - 250000
19545.0,200001 - 250000
19546.0,150001 - 200000
19547.0,150001 - 200000
19548.0,150001 - 200000
19549.0,300001 - 350000
19550.0,350001 - 400000
19551.0,150001 - 200000
19552.0,400001 - 450000
19553.0,50001 - 100000
19554.0,150001 - 200000
19555.0,100001 - 150000
19556.0,14999 - 50000
19557.0,450001 - 500000
19558.0,200001 - 250000
19559.0,50001 - 100000
19560.0,200001 - 250000
19561.0,150001 - 200000
19562.0,150001 - 200000
19563.0,200001 - 250000
19564.0,150001 - 200000
19565.0,100001 - 150000
19566.0,150001 - 200000
19567.0,150001 - 200000
19568.0,250001 - 300000
19569.0,150001 - 200000
19570.0,200001 - 250000
19571.0,250001 - 300000
19572.0,450001 - 500000
19573.0,150001 - 200000
19574.0,250001 - 300000
19575.0,150001 - 200000
19576.0,100001 - 150000
19577.0,150001 - 200000
19578.0,50001 - 100000
19579.0,250001 - 300000
19580.0,250001 - 300000
19581.0,350001 - 400000
19582.0,150001 - 200000
19583.0,100001 - 150000
19584.0,450001 - 500000
19585.0,200001 - 250000
19586.0,100001 - 150000
19587.0,350001 - 400000
19588.0,50001 - 100000
19589.0,150001 - 200000
19590.0,100001 - 150000
19591.0,100001 - 150000
19592.0,150001 - 200000
19593.0,50001 - 100000
19594.0,100001 - 150000
19595.0,150001 - 200000
19596.0,150001 - 200000
19597.0,400001 - 450000
19598.0,100001 - 150000
19599.0,150001 - 200000
19600.0,100001 - 150000
19601.0,150001 - 200000
19602.0,400001 - 450000
19603.0,150001 - 200000
19604.0,50001 - 100000
19605.0,250001 - 300000
19606.0,450001 - 500000
19607.0,150001 - 200000
19608.0,100001 - 150000
19609.0,200001 - 250000
19610.0,14999 - 50000
19611.0,100001 - 150000
19612.0,100001 - 150000
19613.0,150001 - 200000
19614.0,100001 - 150000
19615.0,300001 - 350000
19616.0,400001 - 450000
19617.0,100001 - 150000
19618.0,50001 - 100000
19619.0,350001 - 400000
19620.0,50001 - 100000
19621.0,100001 - 150000
19622.0,50001 - 100000
19623.0,250001 - 300000
19624.0,150001 - 200000
19625.0,100001 - 150000
19626.0,100001 - 150000
19627.0,300001 - 350000
19628.0,14999 - 50000
19629.0,150001 - 200000
19630.0,50001 - 100000
19631.0,100001 - 150000
19632.0,250001 - 300000
19633.0,100001 - 150000
19634.0,150001 - 200000
19635.0,350001 - 400000
19636.0,100001 - 150000
19637.0,400001 - 450000
19638.0,50001 - 100000
19639.0,400001 - 450000
19640.0,200001 - 250000
19641.0,250001 - 300000
19642.0,150001 - 200000
19643.0,100001 - 150000
19644.0,50001 - 100000
19645.0,150001 - 200000
19646.0,100001 - 150000
19647.0,50001 - 100000
19648.0,450001 - 500000
19649.0,150001 - 200000
19650.0,150001 - 200000
19651.0,150001 - 200000
19652.0,150001 - 200000
19653.0,450001 - 500000
19654.0,50001 - 100000
19655.0,150001 - 200000
19656.0,50001 - 100000
19657.0,200001 - 250000
19658.0,100001 - 150000
19659.0,150001 - 200000
19660.0,100001 - 150000
19661.0,150001 - 200000
19662.0,150001 - 200000
19663.0,150001 - 200000
19664.0,300001 - 350000
19665.0,150001 - 200000
19666.0,450001 - 500000
19667.0,450001 - 500000
19668.0,150001 - 200000
19669.0,150001 - 200000
19670.0,150001 - 200000
19671.0,50001 - 100000
19672.0,400001 - 450000
19673.0,250001 - 300000
19674.0,50001 - 100000
19675.0,100001 - 150000
19676.0,100001 - 150000
19677.0,200001 - 250000
19678.0,300001 - 350000
19679.0,150001 - 200000
19680.0,200001 - 250000
19681.0,200001 - 250000
19682.0,150001 - 200000
19683.0,300001 - 350000
19684.0,450001 - 500000
19685.0,200001 - 250000
19686.0,150001 - 200000
19687.0,450001 - 500000
19688.0,150001 - 200000
19689.0,50001 - 100000
19690.0,250001 - 300000
19691.0,150001 - 200000
19692.0,100001 - 150000
19693.0,200001 - 250000
19694.0,200001 - 250000
19695.0,250001 - 300000
19696.0,150001 - 200000
19697.0,150001 - 200000
19698.0,200001 - 250000
19699.0,150001 - 200000
19700.0,150001 - 200000
19701.0,50001 - 100000
19702.0,100001 - 150000
19703.0,100001 - 150000
19704.0,300001 - 350000
19705.0,450001 - 500000
19706.0,50001 - 100000
19707.0,150001 - 200000
19708.0,100001 - 150000
19709.0,50001 - 100000
19710.0,50001 - 100000
19711.0,200001 - 250000
19712.0,250001 - 300000
19713.0,300001 - 350000
19714.0,50001 - 100000
19715.0,50001 - 100000
19716.0,50001 - 100000
19717.0,50001 - 100000
19718.0,250001 - 300000
19719.0,50001 - 100000
19720.0,150001 - 200000
19721.0,150001 - 200000
19722.0,100001 - 150000
19723.0,250001 - 300000
19724.0,50001 - 100000
19725.0,150001 - 200000
19726.0,50001 - 100000
19727.0,150001 - 200000
19728.0,50001 - 100000
19729.0,100001 - 150000
19730.0,200001 - 250000
19731.0,300001 - 350000
19732.0,150001 - 200000
19733.0,50001 - 100000
19734.0,150001 - 200000
19735.0,150001 - 200000
19736.0,50001 - 100000
19737.0,150001 - 200000
19738.0,100001 - 150000
19739.0,450001 - 500000
19740.0,300001 - 350000
19741.0,14999 - 50000
19742.0,200001 - 250000
19743.0,100001 - 150000
19744.0,300001 - 350000
19745.0,150001 - 200000
19746.0,150001 - 200000
19747.0,300001 - 350000
19748.0,150001 - 200000
19749.0,450001 - 500000
19750.0,100001 - 150000
19751.0,50001 - 100000
19752.0,50001 - 100000
19753.0,150001 - 200000
19754.0,200001 - 250000
19755.0,50001 - 100000
19756.0,100001 - 150000
19757.0,100001 - 150000
19758.0,450001 - 500000
19759.0,150001 - 200000
19760.0,200001 - 250000
19761.0,150001 - 200000
19762.0,150001 - 200000
19763.0,200001 - 250000
19764.0,300001 - 350000
19765.0,350001 - 400000
19766.0,200001 - 250000
19767.0,200001 - 250000
19768.0,150001 - 200000
19769.0,350001 - 400000
19770.0,100001 - 150000
19771.0,300001 - 350000
19772.0,350001 - 400000
19773.0,150001 - 200000
19774.0,150001 - 200000
19775.0,300001 - 350000
19776.0,100001 - 150000
19777.0,100001 - 150000
19778.0,350001 - 400000
19779.0,50001 - 100000
19780.0,14999 - 50000
19781.0,300001 - 350000
19782.0,50001 - 100000
19783.0,250001 - 300000
19784.0,50001 - 100000
19785.0,50001 - 100000
19786.0,100001 - 150000
19787.0,50001 - 100000
19788.0,150001 - 200000
19789.0,300001 - 350000
19790.0,300001 - 350000
19791.0,100001 - 150000
19792.0,100001 - 150000
19793.0,300001 - 350000
19794.0,100001 - 150000
19795.0,100001 - 150000
19796.0,450001 - 500000
19797.0,250001 - 300000
19798.0,100001 - 150000
19799.0,300001 - 350000
19800.0,200001 - 250000
19801.0,100001 - 150000
19802.0,100001 - 150000
19803.0,50001 - 100000
19804.0,50001 - 100000
19805.0,150001 - 200000
19806.0,200001 - 250000
19807.0,200001 - 250000
19808.0,150001 - 200000
19809.0,150001 - 200000
19810.0,200001 - 250000
19811.0,450001 - 500000
19812.0,250001 - 300000
19813.0,150001 - 200000
19814.0,150001 - 200000
19815.0,150001 - 200000
19816.0,100001 - 150000
19817.0,150001 - 200000
19818.0,150001 - 200000
19819.0,350001 - 400000
19820.0,250001 - 300000
19821.0,50001 - 100000
19822.0,200001 - 250000
19823.0,150001 - 200000
19824.0,50001 - 100000
19825.0,50001 - 100000
19826.0,200001 - 250000
19827.0,100001 - 150000
19828.0,400001 - 450000
19829.0,350001 - 400000
19830.0,250001 - 300000
19831.0,100001 - 150000
19832.0,200001 - 250000
19833.0,50001 - 100000
19834.0,50001 - 100000
19835.0,50001 - 100000
19836.0,150001 - 200000
19837.0,200001 - 250000
19838.0,200001 - 250000
19839.0,300001 - 350000
19840.0,200001 - 250000
19841.0,400001 - 450000
19842.0,50001 - 100000
19843.0,150001 - 200000
19844.0,250001 - 300000
19845.0,100001 - 150000
19846.0,150001 - 200000
19847.0,50001 - 100000
19848.0,100001 - 150000
19849.0,200001 - 250000
19850.0,250001 - 300000
19851.0,450001 - 500000
19852.0,150001 - 200000
19853.0,200001 - 250000
19854.0,150001 - 200000
19855.0,200001 - 250000
19856.0,200001 - 250000
19857.0,250001 - 300000
19858.0,250001 - 300000
19859.0,200001 - 250000
19860.0,100001 - 150000
19861.0,200001 - 250000
19862.0,200001 - 250000
19863.0,100001 - 150000
19864.0,50001 - 100000
19865.0,200001 - 250000
19866.0,150001 - 200000
19867.0,200001 - 250000
19868.0,400001 - 450000
19869.0,100001 - 150000
19870.0,450001 - 500000
19871.0,300001 - 350000
19872.0,150001 - 200000
19873.0,50001 - 100000
19874.0,200001 - 250000
19875.0,200001 - 250000
19876.0,100001 - 150000
19877.0,300001 - 350000
19878.0,200001 - 250000
19879.0,100001 - 150000
19880.0,50001 - 100000
19881.0,250001 - 300000
19882.0,100001 - 150000
19883.0,100001 - 150000
19884.0,50001 - 100000
19885.0,50001 - 100000
19886.0,200001 - 250000
19887.0,200001 - 250000
19888.0,50001 - 100000
19889.0,50001 - 100000
19890.0,100001 - 150000
19891.0,400001 - 450000
19892.0,50001 - 100000
19893.0,100001 - 150000
19894.0,350001 - 400000
19895.0,50001 - 100000
19896.0,450001 - 500000
19897.0,150001 - 200000
19898.0,50001 - 100000
19899.0,150001 - 200000
19900.0,150001 - 200000
19901.0,100001 - 150000
19902.0,150001 - 200000
19903.0,50001 - 100000
19904.0,150001 - 200000
19905.0,150001 - 200000
19906.0,50001 - 100000
19907.0,100001 - 150000
19908.0,150001 - 200000
19909.0,250001 - 300000
19910.0,350001 - 400000
19911.0,100001 - 150000
19912.0,100001 - 150000
19913.0,50001 - 100000
19914.0,250001 - 300000
19915.0,50001 - 100000
19916.0,50001 - 100000
19917.0,250001 - 300000
19918.0,350001 - 400000
19919.0,350001 - 400000
19920.0,100001 - 150000
19921.0,100001 - 150000
19922.0,100001 - 150000
19923.0,300001 - 350000
19924.0,100001 - 150000
19925.0,200001 - 250000
19926.0,350001 - 400000
19927.0,150001 - 200000
19928.0,400001 - 450000
19929.0,200001 - 250000
19930.0,150001 - 200000
19931.0,150001 - 200000
19932.0,50001 - 100000
19933.0,100001 - 150000
19934.0,200001 - 250000
19935.0,150001 - 200000
19936.0,150001 - 200000
19937.0,100001 - 150000
19938.0,450001 - 500000
19939.0,150001 - 200000
19940.0,50001 - 100000
19941.0,50001 - 100000
19942.0,50001 - 100000
19943.0,150001 - 200000
19944.0,50001 - 100000
19945.0,350001 - 400000
19946.0,200001 - 250000
19947.0,150001 - 200000
19948.0,100001 - 150000
19949.0,100001 - 150000
19950.0,150001 - 200000
19951.0,350001 - 400000
19952.0,50001 - 100000
19953.0,200001 - 250000
19954.0,50001 - 100000
19955.0,150001 - 200000
19956.0,150001 - 200000
19957.0,350001 - 400000
19958.0,50001 - 100000
19959.0,200001 - 250000
19960.0,400001 - 450000
19961.0,450001 - 500000
19962.0,100001 - 150000
19963.0,50001 - 100000
19964.0,350001 - 400000
19965.0,50001 - 100000
19966.0,250001 - 300000
19967.0,400001 - 450000
19968.0,100001 - 150000
19969.0,450001 - 500000
19970.0,100001 - 150000
19971.0,350001 - 400000
19972.0,150001 - 200000
19973.0,150001 - 200000
19974.0,100001 - 150000
19975.0,150001 - 200000
19976.0,250001 - 300000
19977.0,300001 - 350000
19978.0,50001 - 100000
19979.0,100001 - 150000
19980.0,150001 - 200000
19981.0,50001 - 100000
19982.0,150001 - 200000
19983.0,150001 - 200000
19984.0,350001 - 400000
19985.0,100001 - 150000
19986.0,100001 - 150000
19987.0,50001 - 100000
19988.0,300001 - 350000
19989.0,250001 - 300000
19990.0,100001 - 150000
19991.0,100001 - 150000
19992.0,250001 - 300000
19993.0,450001 - 500000
19994.0,450001 - 500000
19995.0,150001 - 200000
19996.0,200001 - 250000
19997.0,200001 - 250000
19998.0,50001 - 100000
19999.0,150001 - 200000
20000.0,450001 - 500000
